address,contract_name,time_taken,true_count,iteration
0x000ae26329aa0c57b9badbdee2996624272905e9,TokenMintERC20Token,271675,130,11
0x0043625392a133a0df4c9cfbd7b8f9ae973c101c,ArtEdu,136482,80,9
0x0182c2f88461990fa276c47e8c199980d4cc2985,TheDoge,15237,19,4
0x02fdeea649d0291a987438fdaab5a71ed623471f,ArtDeco,87941,184,8
0x0445174b6fa65df016ac975967148d257598ee9f,wahwah,81547,198,7
0x04db919876162e249801c6c70f2beabb775bd5ea,CLOWN,65438,172,7
0x04f33d09aae7923fcd82590b1d8fef0ce41936e1,BasedPepe,67171,168,9
0x050d94685c6b0477e1fc555888af6e2bb8dfbda5,TokenMintERC20Token,259510,70,11
0x063139aa26c2b913177fb97f1952d266b30779e7,PubgCoin,89890,205,7
0x0633c21a97d2f044664d39322545e90ea2880ec3,OXDEAD,99103,65,8
0x08861e1b46d6a3d8a406a244a0d7f57a54191a26,DoKwon,15033,17,4
0x09e333e720e1bd0fe82d188d6aed36d22f96d399,StandardERC20Token,849697,95,11
0x0bca074237702acc7c8a4d6bc327a7b1409d19e2,BoneShibaInu,143698,174,10
0x0ca8f57032045a11b58f795c41c72701be0ca14f,TokenMintERC20Token,144451,74,10
0x0db106fd8debf29c3bacf11b70c9a6656dc265b7,TokenMintERC20Token,308468,72,11
0x0f5ca5f735ba1a40d67c6325c6f276a732f11baf,TokenMintERC20Token,14413,17,4
0x10245515d35bc525e3c0977412322bff32382ef1,TokenMintERC20Token,120503,70,9
0x109898c0e492db6286feec58ee2dde6ae50ad8b8,ProofOfRyoshiRelaunch,14601,19,4
0x123e58a9c6978d855cfe8bd14cf6994880fa9d3d,Baller,103125,177,10
0x141d747c237de7bcce3f2ea776e280235e1e06e0,TokenMintERC20Token,109647,111,8
0x146bba6bb90bfda8e8be72fe390da15a738db16e,TokenMintERC20Token,14704,17,4
0x156669a2dd7ada47e461b843c2bb74180f38449e,TokenMintERC20Token,14657,18,4
0x156a5ed5066de9bf08eff6e129ed649dc7728b84,TokenMintERC20Token,14509,17,4
0x1600c2e08acb830f2a4ee4d34b48594dade48651,TurexToken,21832,52,5
0x161cddfb1fb7921a01d45c147f44670bb060ace5,TokenMintERC20Token,90369,75,8
0x1a3833531428f624c19f4cbb6957c5c1e5e3e927,TokenMintERC20Token,14844,17,4
0x1ac38f34467618bead6ce1aff13f3a9c8eaf66ea,TokenMintERC20Token,106034,66,8
0x1ae57395aafc2e9c4172ba7289631b69817e6567,Rawr_Inu,15836,21,5
0x1f25ada422b1c54643996b3751dfa0f008f543b8,TokenMintERC20Token,102368,65,9
0x1f6cb817ee3e64afe0c03617e51c55e047a2953e,CHIMERA,181572,81,10
0x1fee5588cb1de19c70b6ad5399152d8c643fae7b,PhunToken,41635,19,5
0x1ff2e3bac33af1696b60903ce55b8063d52f22e0,RaichuToken,141226,63,10
0x21a7c981905077cf876dd1258adccfe638d6d875,TokenMintERC20Token,101638,71,8
0x243cacb4d5ff6814ad668c3e225246efa886ad5a,TokenMintERC20Token,590773,146,8
0x24da31e7bb182cb2cabfef1d88db19c2ae1f5572,TokenMintERC20Token,68299,83,6
0x2533ad77dfb16defd38c6b681acedfd16402a836,TokenMintERC20Token,14653,17,4
0x2676bde5700d5189eb6787629969497521f936dc,TokenMintERC20Token,102606,78,9
0x286b0975a1af3639cff798f615439e2790840d62,NewMonarch,17461,17,5
0x28c5d11436cf68fb0e7b21bb0c570f9ec62199a1,TokenMintERC20Token,91858,77,8
0x28e57c27368d1475a3ce49a25c48c40b85e7f7e1,TetherUS,81392,206,6
0x29248060b701fc33fc7637989d7d41a7cb9a9a83,ProofOfRyoshiWOOF,93774,79,8
0x299209fa44d48863c84125bbae12676ed6ce8e97,TokenMintERC20Token,85270,81,7
0x2c4e7ae81b409fa2f4c020f9b5062544c00c00d9,TokenMintERC20Token,14234,15,4
0x2dd1b9410c73e16b60240e529e38e30425f00d4e,TokenMintERC20Token,17911,17,5
0x2e550f8d4c5352040f9f13f2cc2e9c80c5b179b2,TokenMintERC20Token,14475,17,4
0x2f462eb6fc401841ab1d26fb6a580e90ed8ab3a7,AudioInu,14359,17,4
0x2f8982a409944ae97d63ba12c88185c8d7755ede,UNIDOGE,72621,179,7
0x2f9678085acf1897f63a102e9f7cb835609158d1,TokenMintERC20Token,14872,19,4
0x31286579de3256696e8732706a0eab97bce02efa,SHIBU,17662,17,5
0x3130dd4efcfd51166934039cb5747707a55f3a5e,GuideAmbassador,85460,181,8
0x32305e2d44952480d7d686682d1fbc47eb3e7556,VitalikProtocol,14627,17,4
0x32f9308c831bc74a8bcc675148e78340d812a976,BullRider,131212,158,8
0x3301ee63fb29f863f2333bd4466acb46cd8323e6,AKITAERC20Token,401516,58,11
0x35a06c9f13eaded21e0157b5c6f7654c9f1c47d9,TokenMintERC20Token,17707,17,5
0x35cd5afde3994608934f3bec6621ba2f0606985f,TokenMintERC20Token,103417,42,10
0x3622d034fbf3baec7060c7cb484a121389684986,RyukyuInuERC20Token,113240,77,9
0x366c6893180dc6494b3b9857d0fdd9657cbe79ff,NyanMoney,85702,76,8
0x3705795cd1b6d5bb59755c1c65e1c3e17e999707,TokenMintERC20Token,80621,77,7
0x370fd741e9168d542f34c6055b1eac62977935be,HERO,50986,52,6
0x3739426e21d912b604c106f852d136ba58f61517,DOGGO,172186,62,10
0x37625467ab3d09c5c918192aa915f6039270ac7c,WCFloki,14743,17,4
0x3781731acd887b14d7f7f261f3aada7f6405868a,Arcanite,53445,174,7
0x378385c2f2ab9052e38d9cb4025ebf696c17b291,ECTONETWORK,86223,196,8
0x37a15c92e67686aa268df03d4c881a76340907e8,PIXIUFINANCE,64967,182,7
0x380724fa326ef4a616798e67ac042b2b647decd3,SpartanGlobalCoin,69967,186,7
0x38c97cbd6e986798207b4b29ecf01ea8977b7256,Hypano,49346,165,6
0x3b517706b1a382c07720374401e6c9b70b3b4fda,TetherUSD,85864,164,6
0x3be4f8f548f86573ee165a5514016477b91dec0e,TokenMintERC20Token,14417,17,4
0x3de5b51a6bda1d4105c45866365e96ce12072337,GrandpaInu,75044,176,8
0x3f807ddd3b97ec2455099bc58ec3e072e03184aa,AstroChimp,17695,19,5
0x3fa18875876794040105ff06dd50662d8e4b3054,TokenMintERC20Token,59482,73,7
0x404ae50fcd850249102581df74913f3134247656,FFLOKI,17757,17,5
0x419cef153e8a6086df494e7832c18fd82a738efc,TSUKASHIBA,94769,89,8
0x4245acecd4eef3ae8fbfe09939c9b63595887063,TokenMintERC20Token,510689,85,10
0x4333993025af6475b86e18e3ef8b371bb5966ec8,TokenMintERC20Token,137474,134,10
0x43b0bc65935a59ec7d6ce15e6d3112691a8e1dd9,TokenMintERC20Token,794821,131,11
0x44cbef5623732816c875e042fc7541a62c592896,Fud,1041390,86,11
0x4612de7d9914550dc8a296c8cc780918cd50b0bf,Later,14678,19,4
0x46c8bc609290ec216541b7dc0b5d065cdc99ddf4,FAITH,17365,17,5
0x478f8f729d607ad83af58adf3508a63423e3c840,TokenMintERC20Token,17725,17,5
0x4791d897b977c6f45eff8bf659179490427733e6,DickButt,88002,65,8
0x47d920a911cb9a0ad4618698ba3fef800abc868d,TokenMintERC20Token,1377663,157,12
0x48cd2a4947aa70251654312a2cbfa99663560cbd,CodeWithJoe,53446,175,6
0x490e3f4af13e1616ec97a8c6600c1061a8d0253e,TERRAN,5930,27,1
0x49c9e30aaaed066edd4a90c81cf8f232f61a29f0,TokenMintERC20Token,111471,65,8
0x4a22a69e45ab29f9f7276b0267797474daf1f27c,SuniToken,85201,166,9
0x4a4cc88232b5cefdfca33908f01c8a1f2817a30e,STOCToken,86308,170,7
0x4a9d711100aff9a444a3c40284f70269bb3f0487,Chellit,5677,27,1
0x4aff7f92c77fd0f51fefb03064aa1edb292aaa2e,KingShibaInnu,168159,188,7
0x4c6719bf85903d18c295da44216f862b01b36f43,AlloHash,77087,188,7
0x4c88868fb696ab8c19cdd06517dca60ae1e9ec3c,TokenMintERC20Token,14670,17,4
0x4d5d3170f407cacaaa328660c2ee2499055e3b07,Token,79159,122,7
0x4dd981f0f2e7934b6b50c9d1beda2b5456924df6,TokenMintERC20Token,659992,133,8
0x4de9622458d05abcaf3970b9369eb50b6d2b4018,SENDit,46570,166,7
0x50544034f0f717b5a3c86cb3937b154401350b9a,TokenMintERC20Token,102641,72,8
0x509ed91b94972adc72bf7a7b326cfa6ba6378e7e,LilShiba,399958,87,11
0x514d27336b4f80419e20d2a772d14efede22f245,TokenMintERC20Token,795365,73,12
0x5183633579015b296f1dd86b0f12a628f8eac66f,LimitMax,70701,182,6
0x51fa8077fdd878ccce56912c3cb7fb9a87d0eeaa,CodeWithJoe,86364,196,8
0x52ba20ec24e585f90745ccdfb7abce265c677854,TokenMintERC20Token,140400,81,10
0x52cfb503789e67f89dddd0fe13e34058eddc8aff,ChickenorEGG,17681,17,5
0x544d31cb6470fe93f38f9247159dd0a416194937,RKTv1,39991,154,6
0x5450f8e9f5b6de436c0653ba9c9bf46a50cf3540,TetherUSD,99272,153,8
0x54eea4fd7321ee84178d41364aa7770897073a6e,TokenMintERC20Token,19097,17,5
0x55186e18d999eb4f99d7bdbf7b754bd55f03e1c6,XMAS,17846,19,5
0x5617402ef91a7845a68c0d092f737bccae3e99d8,ShibRussia,16499,66,5
0x56366ce135cc5f636365f11e4e3450ef03241c44,Bone,106242,197,9
0x56779592815d1d9298d5c88fc64413b1eaaf00dc,CodeWithJoe,43072,128,7
0x56df7dd5e6476af94666e856c38aefc4d4555861,DinosaurERC20Token,921765,71,11
0x582e4b2543a2647b1d7fb79bb6b45115a6c91b71,TokenMintERC20Token,17629,17,5
0x58d208b574415e275989764c7398488b7ce78e72,TokenMintERC20Token,14609,17,4
0x5918e2d37a7e6472527a9dc2997aef795cb8c9c7,SenpaiERC20Token,117178,82,9
0x5a8e7804543ebbaf0fac75cd961512461d16ad89,TokenERC20Token,14991,19,4
0x5d70e6e2c0c2a728cd187f6b1dce47234b8e22f1,ApuCoin,80681,206,7
0x5e0e7db26759f58c1790c608364ef01482e95f31,BlackCock,87375,184,8
0x5e5948c6a1c48b5b6a19852928af3b72e974ef8d,BigBabyInu,617398,385,11
0x5ed617cc34b075ab96d08f24e16811567a37f129,WeAreEarly,17458,17,5
0x602f65bb8b8098ad804e99db6760fd36208cd967,TokenMintERC20Token,1104871,67,12
0x6034644917193c23360549bfbd503691d5aaaa68,WhiteHokkaido,780226,157,11
0x60784895892f9bf9a275aa64b98381ee9a627a00,TokenMintERC20Token,16991,15,4
0x6131240e5202a3a18f4bb1b6326720f6c9141ddc,TokenMintERC20Token,230399,62,9
0x617b0e7d37b5cd55ad584c7e806a71c64ecc2a28,TokenMintERC20Token,1249499,66,11
0x61cf315e00e758913409dc7c339be3585b988716,AlphaWolf,16435,66,5
0x61d45f5475d90af0c3b3f3673beb18b43284dce7,YCCToken,72246,131,7
0x61e3a1e22faae1ea9f7f8618fd7b4a9bb3109376,TokenMintERC20Token,151924,73,10
0x62406995cafd18f57e7375e8e0060725acebce58,FirulaisWalletToken,629079,165,9
0x625f1ba41b943470a25eca25f636ada3b15c009f,OXDEAD,104240,55,9
0x62c8179b08b72acd4e745b33415aa512f2aa4097,TheHound,54362,149,8
0x631c6b3332dcc35314faf56e81eea792ffcc3c2a,TokenMintERC20Token,481724,69,9
0x63da9708a4e9e793472cd5a4090f648f6764ffe3,TokenMintERC20Token,97084,86,8
0x6466165ef085c4b5bc9c978397b128a85d12c184,TokenMintERC20Token,130849,125,8
0x655622a4944eebb09db662bb04e7372de30684f6,TokenMintERC20Token,114143,61,8
0x669d810e04453d449326d1744cd7165fa0c6c362,SCLOUD,16223,66,5
0x66e1f73c0bd8fa9fdfb6c408ad16cc4d95ed9a53,onedayrug,60684,181,6
0x66e8643f1086b1b1cebe97567f70900a904b9f4c,TokenMintERC20Token,91334,72,8
0x6713ebfbba23fc364639fb4e29fad3ce98ae958c,WishOfADragon,17652,17,5
0x67383419c36c1bbd87d4ba3eeccfa5b90b0e9b75,TokenMintERC20Token,17388,17,5
0x6767615a97a8204298bbac44c57ef1a615eed244,CribnbERC20,1088725,327,10
0x6814ecf552997f29abf6041613fa9e0d83960fd1,TokenMintERC20Token,18870,21,5
0x68c5ecd3ccbe1346bfc6068409b7a5407384e79b,TokenMintERC20Token,111631,69,9
0x68def9fb11966fe7604994d7b8ba412724896508,TokenMintERC20Token,15816,21,4
0x695d93f8d758152258a5553a997b4e0470796e0c,TokenMintERC20Token,17942,17,5
0x6a137df19d3e987e3207e8c94387bece89d385f8,SACHS,55762,164,8
0x6aafc0d754a108b1988fcc7a278af5df8082915b,TokenMintERC20Token,14373,17,4
0x6f2a550259532f7429530dcb93d86269629e3f2a,CloudProtocol,317777,170,11
0x6f6dcca7938ae7a92ecd4510090b9fc987679846,FuckElonmusk,61638,164,9
0x6f95df342e9d336275b05b1d7a43459c26be1963,TokenMintERC20Token,136822,75,10
0x70665f330191abababc772f5e51ba1ecf61672ef,TokenMintERC20Token,83725,78,7
0x706cbdaf9fb714491cecf22f236fc5fa26ae590f,MonkeCoin,1223333,181,12
0x71ff17244fb9df0b5f937cc1ec361e2d3193fddb,TokenMintERC20Token,18941,17,4
0x722a3d0d45c0125810688c58c065258cb32dc878,TokenMintERC20Token,17885,17,5
0x72f0c5d7fb01506543c2880e1a7f808e0a81febf,DogeFather,59528,176,7
0x7302429c53c54d15328e3e393d52d005e9759355,XINU,55957,75,6
0x73cea1d52eaae08f87178dfcbda80e29cb1333ef,NewCommunityERC,14313,17,4
0x74f74426f50476ee56265cd3beca8e9eb2f33d38,Starship,1189010,154,12
0x7631127e358517e3b15903bbcb0f50a45a4379db,SING,139069,170,10
0x766d4c9c1c7316e97968a36b7b01bf7fcda7feb6,KogiInuToken,64737,181,7
0x77d46a60ed0ef0cab6a057f85377d93c6c8ac59d,KAIDO,17558,17,5
0x77d9b125814024adc1a36faef43ed66e08ef6b5d,TokenMintERC20Token,14441,17,4
0x78132543d8e20d2417d8a07d9ae199d458a0d581,TokenMintERC20Token,61008,73,7
0x78223d31298107f3e310b09797b07967832046a6,RoyalSmartFutureToken,94028,219,7
0x78689fd6ecd9c168b2ba69ff022ff70302f0bba7,BLOCKYDOGE,87596,182,9
0x7b52118bcd20d43861cdb112150a9b0342677d3b,TokenMintERC20Token,558502,235,8
0x7c5ff719a6c76fe643e9ecd0f11f146a2de05f14,GaneshaToken,66664,172,8
0x7c74591737b0e3696225e3dd0af30c980f9584db,CONTRACT,79331,73,8
0x7d3081391168d9f6468c995d42a5a84541042c98,shark,17449,17,5
0x7ed61015c637baf69abe9cb6ba1e33ff67a70b9f,TokenMintERC20Token,18006,19,5
0x7ef251ff04af17692abc266d70c695fa9340da92,TokenMintERC20Token,266614,77,11
0x8037fbdb3a8b4befdd40fcd75e899b2aba5bf5a3,TokenMintERC20Token,91818,88,7
0x8041f3f7225faa16e970a8f76c318c426335bd46,TokenMintERC20Token,126174,79,9
0x80e9dd5d9c01082f4ff1620f0d19c8b95307403e,InuClassic,68751,50,8
0x81822b2db9fa36b5a27b1fe02eaa15022f77908b,TokenMintERC20Token,101033,61,9
0x81b3e4111b0aab36b3fd679e04e84e38931244bb,KillerShiba,50652,161,8
0x829da30d9dba1e3f26685bf9c32a6261fb76b5be,PulseProtocal,14217,17,4
0x836775359fd7b19409f2914719c67e4db7073eab,TokenMintERC20Token,22859,35,5
0x846132977b441bcbaeeefb79e056f7c5be8fcdf3,TokenMintERC20Token,111840,85,9
0x852d32b7eaafdb1d91435a4167ad850c158b73b7,StandardERC20,107833,63,9
0x8574acee3c4aecc41bb27c2c2bf767052af986a8,ChickenOrEgg,95727,77,8
0x867619bbf77141db2d9789b6b41a8c1fe2d1898c,Paid_Network,68957,113,8
0x869869557b692a5e52402b2c0bc2315fa5f4a3ec,THE7S,94733,85,8
0x881dfbdcbccb440aa9e8b4285103832f5978b6e6,TokenMintERC20Token,96583,71,8
0x890894fc403f18966e4c3822a5615e81d3d51a61,TokenMintERC20Token,17427,17,5
0x895c388cdf8509d0a96aaaf2f4939623ed1d0e0f,DoKwon,14320,17,4
0x89d89cae660e335b3923d5161894537d41fb7704,BabyDwagon,17440,17,5
0x8a03f622845e560e9083905d874f8bd4b74cf6b1,DRACO,14452,17,4
0x8b4e225e41e5e21fb1829ff663d8695de98e8c9c,TokenMintERC20Token,18065,19,5
0x8bd3c30d38301d212b7bffbbdbb0ab84fcfbadf1,TokenMintERC20Token,130576,63,10
0x8be6c97a8fd3b2c450d7124fcdbe2c595e3cff5c,TokenMintERC20Token,817338,82,12
0x8de4644406933728ac9df5bc648d1482fb628406,TokenMintERC20Token,90497,62,9
0x8e46ef0fbac19cbb39d055ac09f7c37df01d5a78,TokenMintERC20Token,17881,17,5
0x8ec39e54303269cfea50bb0555cf7a73fd933f73,TokenMintERC20Token,645064,154,9
0x8f12dfc7981de79a8a34070a732471f2d335eece,CryptoExcellence,74483,166,7
0x8fae1c7f3449a35caae9864cb0244e451cfc64c8,TokenMintERC20Token,14919,17,4
0x8fe0bda7272b0dba2b3ed4a53b26ca8000eb0515,CodeWithJoe,85456,192,9
0x90da8f6fafe1df415124854e78390d6589d315d9,ShitakiriShiba,14368,17,4
0x911f5e6b29ae4f9c8f1c3d179b9b249bba6d8262,TokenMintERC20Token,100012,85,9
0x92179e3019fd9885318ef52a39ef53b63a02e10a,FilxToken,70942,76,9
0x922ffa8c0c64854dddfb93320b4aa79d91972ad7,DababyInu,72151,176,8
0x923f3fe77732ec3fc5327eb52327b06be4e472f8,KPopKorea,339558,132,11
0x957a549aa265b05364063b3cbd4ba653cc4e60d6,SpaceGoblin,16319,66,5
0x95a877d264ce525c6464eead9ad1041dab753477,Kek_Inu,64243,112,7
0x95f824e2b4cd3cc628f179a3fa1af51d9034b30a,ZeepyNetwork,66777,164,9
0x96439276b2e77061bc27bc2c4508116bab019a1e,ForTheCulture,181923,76,10
0x968afac04e82e186f2135ce689cd775084016c35,TokenMintERC20Token,55605,62,7
0x97b3c9aa2ddf4d215a71090c1ee5990e2ad60fd1,SteveJobs,166116,187,7
0x9857f4952b4ffd1c801b3b80c6bcbadffc8925f9,TokenMintERC20Token,135801,61,10
0x98a92c1c2ad19bb21b4efc9cebe2fa3c64b89ec2,TokenMintERC20Token,914262,74,12
0x9906250e4bc7f8459928c662b8ec30ffc83e2764,TokenMintERC20Token,61517,17,5
0x99dcdd2804ccd1f76f0fa0d28c2a1a271b269d97,TokenMintERC20Token,88596,62,6
0x9a3310554790d257277b2feacd9e2f0568fa46bc,KNOTINU,75322,163,7
0x9a9b502821165363595c23576a827589023d462c,DogeKing,408722,101,11
0x9c30a3469392c4a152054efa923c664f040e8a07,BONE,105458,179,7
0x9dc12f5a04cb72daedd547bb89bc6040ffe2bf52,INU,49553,15,4
0x9dc385b6fc71913b3a66b5994ea44027e8e66eb9,TokenMintERC20Token,53011,17,5
0x9e0796c4146cd6ce77a9e1f77f2c3f21190a9055,TokenMintERC20Token,102858,63,8
0x9ec88cdb70a8a3d032a11ae41ecd31a074e22dd0,Dalmatians,113785,186,8
0x9eeed3c42944bae761397e19a51d3fb8d85b1fd4,TokenMintERC20Token,219459,90,10
0xa148518ac4ac3c6477d506969f8ca74dd87fc6ea,YakuzaInu,52487,17,5
0xa1a7a1c19e6cc4c79ea5f4b344181cf1be07e6d6,TokenMintERC20Token,118545,81,8
0xa25c780132be018a4064f0aa62ff54a32687ae14,Bone,89324,163,8
0xa3942b69d8f3d4688830e8e22579c1032038819e,Summit,106026,177,6
0xa3b19abc996afb6fe91e8f0525432419af18d886,EnergyEfficientEthereum,861651,245,12
0xa40dca4c84ea712b7f81887bc14fe02012fdf383,BabyDwagon,59673,17,4
0xa4a386baa17f70492b3594d3e5a035d63de19c24,TAMAFLOKI,54219,17,5
0xa5bbfd69f33ac1044d3578dc4f8a0af0f54e4ebe,NUMO,107178,102,8
0xa60bf48f8de6470b9c9d3e1ab78088ce3d89faef,Blobfish,167412,195,9
0xa759b4d96206db5298eda127f34fe9dd0dbbb5d4,TokenMintERC20Token,49779,17,4
0xa77768fbcfe812af69ab4c3e1e3f9ef9f5651bfd,ERC20Detailed,51292,16,4
0xaa0c0746fb71a85f2882dd364611dc755d2e3fa9,TokenMintERC20Token,49305,17,4
0xab17bfe3b3fd3899067bdb7c6e715ba76e945ef8,WAGMI,630063,77,11
0xad0d2a577d2f77952e23a8f26da7386c5915b8f9,TokenMintERC20Token,230266,17,5
0xad6db2bccf9e929c0857c545ec84360faee61f0a,TokenMintERC20Token,224509,67,9
0xadab18a88f5694ac58109101761a3a0e827a01b6,EthereumPlus,109942,181,6
0xae885395ab64c97e87fd18a1944d72d37f362531,TokenMintERC20Token,121120,78,8
0xaeaf5a669be696b8397660f99aec835ed6bb6ec4,Poseidon,53261,19,5
0xaeb56b273e18399d5fbd086ce805ad534120bb2f,TokenMintERC20Token,114046,75,7
0xaee8365a7fc6823383107b8c43328ffa2424f4c4,Tatsuya,50857,17,4
0xb11d115dacdf54ee1855c251aa6ca693fce46c68,MCity,51299,21,4
0xb16ac49e620099ddff1a80f1a233e6497ac281d0,TokenMintERC20Token,126328,63,7
0xb1a59ec48b17f5c4f1ecf9b166f491aea633658d,QuadrillionToken,779118,74,12
0xb24b9d0cb5f664a8c877ae365f7186db7f801a77,TokenMintERC20Token,53512,17,4
0xb4f4a58ff2398ab9025f842b6035c39b1d63f585,TokenMintERC20Token,131042,94,6
0xb5c723229a975dfdcd81a9523738f78c882dc969,CodeWithJoe,120241,168,7
0xb6a3fb9a636f6f3b22c06c8ba62b63d7d499fa15,TokenMintERC20Token,116536,71,9
0xb7131835d3fc64bcb1976733e28af8364d328f5c,DOGKINGERC20Token,111050,58,9
0xb77ffbb00f4c529747bab93bdeb3dce49b021e76,SafeDawg,100244,178,6
0xb874921bfc23e4800a72d0108458cb14ccd12601,PreciousMetalCapital,804266,204,11
0xb98717fdbe00ddc418eb3431b1219fc6183d3eda,TokenMintERC20Token,49329,17,4
0xb9ae6aa6732f8f31e2de93509ef91abc2aa7dc16,TokenMintERC20Token,119224,82,7
0xbbc23359b5b9a59404d41b71503bd9e92e7f30e3,NudesToken,172932,172,10
0xbc08617c95215f3d397317d501a02505132d5a3c,TokenMintERC20Token,49458,17,4
0xbd4b2049c112b46bc3927189521a2da67695fa78,TokenMintERC20Token,132981,67,8
0xbd4b2dd8fbcecb2af5904ff5f218037b0f693275,Steed,143319,85,9
0xbde21e032501c1274db7dcf4827d1479dbbd395a,wath,142443,73,8
0xc020cd68ee47d3c85c5bd88aede1cbf0a99f0fa6,TokenMintERC20Token,321854,68,11
0xc240ec7514670ac49a4cd2382d256884bbd9e22b,HighKoo,49424,17,4
0xc305d7101f1fca1a14186c3b88034b336ca46c5c,LUNACAT,49342,17,4
0xc382e04099a435439725bb40647e2b32dc136806,Cogecoin,148608,71,9
0xc3b3643bb5846d289598b5aef29f7203e95cccd6,CodeWithJoe,51080,60,5
0xc45efe8b705c97e9d49612443ccb10aec52a2543,ProofOfRyoshi,143569,69,9
0xc4b9cf462cafc57e4742e9131fce8344eba3a97c,TOPG,49327,17,4
0xc59f4a906f39b65ba9e1968a39be76dff59b3948,TokenMintERC20Token,130532,85,8
0xc5ba8e0afbbc9eedcd9f8c780e36369b0769ee52,DRAKON,208431,76,10
0xc6d9d17ff3e28c0dc27c4e0184f48cf4b159e40d,TokenMintERC20Token,210933,62,10
0xc781b60df6d8c5701683060a7cf3ee80144adfcd,FOMO,129973,69,8
0xc786864b37b6bf056f32deb5fc80c1f38bfcf4ab,Cassandra,124428,84,8
0xc8705424948e97e6db98022ba81bca5164660c82,KogiInuToken,89941,154,6
0xca09dd9874146250ca0fe8e03aa2266f66efcd61,AGBTS,212934,156,9
0xcaec28836b84f8b5c533983799fd78412fb4395a,TokenMintERC20Token,122897,74,8
0xcaef876b8be5f31aedf7e41cd19d65f4559aba26,KUNGFUPANDA,51000,66,5
0xcb1384c4c795b2264b721e3a53edd67e8c565046,straydog,124704,71,8
0xce6d54426853b3668142c2a47197464757eb1906,ShibaTwo,114538,60,6
0xce90d1d98b5ca16b79c7eedada2454c2564da59e,TokenMintERC20MintableToken,137807,77,6
0xcee97db72b803ba82f8decb78155ee9b1ced43b3,TokenMintERC20Token,49473,17,4
0xcfa6ab49f69800b877070f231f22496249990cee,Brahma,594367,361,10
0xd1d53b74edd8d13d8393c4d3474a5d5befeef9c5,OuroSwapToken,100305,179,7
0xd34ea981c71d98fc74b384f4c87b0ac4ca602e19,TokenMintERC20Token,143769,79,9
0xd3d5b7793082d7207259cc48196b19023cdc4f86,TokenMintERC20Token,1575077,55,12
0xd3f47e6dfb735816a821934be4b3188604d6289f,CR7,61024,21,5
0xd4ac90e33ac839c29a3d98c807eeef0c4508bee8,YCCToken,146152,190,9
0xd640b30fd59a1aa51c4042db278744569a84088d,Pumpor,53326,17,5
0xd6cb57173cb2f00d0690e5055969ce2a97fdbef3,TokenMintERC20Token,299636,87,11
0xd72b0208101d36deaca0feed4f0787bf0ba4c5e6,USDT,119596,184,8
0xd793840a2ef634d0151952b4f45261984eed06ef,TokenMintERC20Token,50166,17,4
0xd89b6c0e64bd0bec3cc55afed4fb218dcac8f9bc,Oliveira,53171,17,5
0xda6f3e151596cdc0c504e14932496ab8b2050895,FlowerToken,287149,170,11
0xdc94594af43d1b3644030f0e1d445e3af380c3ea,CHIMERA,138025,81,9
0xdd1587661601c2d3a986d28a8085d1221b9be9e2,LagoonToken,50062,17,4
0xde9d1ce772cb6e4ed37010da101f725b6d72dbfc,TokenMintERC20Token,50292,17,4
0xe09edc65e66db6547471c6c5f4c67dfabeaebaa0,TokenMintERC20Token,764232,119,12
0xe09fb60e8d6e7e1cebbe821bd5c3fc67a40f86bf,PikachuToken,687485,72,12
0xe0b96fe2a3364286874f476d6f0b4460bcb321c4,The0Protocol,64119,17,4
0xe4f6d46c244bb7cf3e218cdfb5c35cf9a4d9c920,Donkey,116177,172,9
0xe56a087f6183fb07d96760f838cfb57ae14350cf,ZillionContract,53247,17,5
0xe6d57e156f04d145bb0b8ad07d29ffe4525b5bcf,TokenMintERC20Token,52758,17,5
0xe774959acd78a33ab7730b44a9455fb99d5a7ea8,MXSamurai,114281,174,8
0xe8108761c6330054abc47cab35b94a3d3db98f6c,CR7,179670,76,10
0xe9cfbec0ec1821d89d30e70f588026a539d08a00,TokenMintERC20Token,134425,74,9
0xea75671ab1d5c71b29399c0c4eccd5a9dbe41370,TokenMintERC20Token,104961,65,8
0xeb0667a016d71a16dd8a949878c1fceda5af0305,AlphaProtocol,52364,17,5
0xeb2fce02460b095f7b084081c4799db0fb0b8a84,Cheese2,110110,76,8
0xeb855dfcfe5ec90e124f943eb980f8f053043c6f,BMASYA,1140870,65,12
0xeb99429370758367bf895d25ce67ef363cd2209f,TokenMintERC20Token,229673,17,4
0xec4a1c7a4e9fdc7cc621b548a931c92bc08a679a,Goji,298201,178,8
0xed4c7a0d6adfa56a9b8c2916f6f4dfc0cb6e8038,SENDOR,147921,17,5
0xeef7eaa73cab2f07f8ecee246f479a76139e236d,MyloToken,203112,170,7
0xeff58e509c8ec87a8489430acfc87ce85032f954,Manaio,189564,181,7
0xf037795069cd37a47e3c980f7556cedf349edfd9,TokenMintERC20Token,125747,17,4
0xf38af070c85cafcdc4107db3fdac37186bf8789a,NFTNetwork,222380,187,7
0xf45b8a487ede08aef7f033376b7aaf57c043363b,TokenMintERC20Token,112462,17,4
0xf484d756be7d26bd2b17531c06acab253b6b3615,TokenMintERC20Token,123202,17,4
0xf5318b3941b3f1239dd910c941bbe2259f32311b,SOGEERC20Token,159104,67,8
0xf61ae54b74a37be4fc11e9f1a35021848d996afc,EmaxClassic,923933,120,12
0xf6e0b8e198a02f7db80a2598b4a849413a76494f,ShibaInuContractFork,811577,71,11
0xf7494cba51d0c8c9d4e027879a0c575ef6f95428,Dieback,52699,17,5
0xf8365adb7c51fdaa3ba390d58860fc434cea782b,TokenMintERC20Token,248951,171,9
0xf8ccad1b25a54ce12f1b1ee56ef0f2a930d3e969,Finder,8186,216,1
0xf9b07802bc63386d8c38925dbde8a48b6b519512,FORPPL,49834,17,4
0xfa302f6711e7a9cb443811ca72166c435e150635,TokenMintERC20Token,50136,17,4
0xfadab74521e9ff2a2fad60b135fd6fe61c8673cf,VenturesCoin,193359,173,10
0xfb36cd4519f246bdabefaa940df399a2ac636289,CodeWithJoe,133659,216,8
0xfc106446fe007ad77fc4c1d20e8d7488a266c432,BBEXAMPLE,49715,17,4
0xfd7f5fc20f3d4fad29c02bdc327c852b5fdd29b1,LUCKY,48607,66,4
0xff9cc755e50707c40ae1add039b9e316cb96ef3b,TokenMintERC20Token,134227,64,8